MACHINE_ID,MACHINE_TEMP_P95,MACHINE_VIB_P95,TEMP_THRESHOLD_BASELINE,VIB_THRESHOLD_BASELINE
M-0001,82.93237439024391,1.4592365853658538,85.0,2.0
M-0002,84.12358243243243,1.369404054054054,85.0,2.0
M-0003,82.95504634146342,1.549520731707317,85.0,2.0
M-0004,82.4931875,1.3820625,85.0,2.0
M-0005,84.06108205128206,1.4402128205128206,85.0,2.0
M-0006,83.0974893939394,1.3945045454545455,85.0,2.0
M-0007,82.659325,1.2804,85.0,2.0
M-0008,82.56453823529412,1.6666029411764707,85.0,2.0
M-0009,85.9318875,1.4489125,85.9318875,2.0
M-001,82.7641052631579,1.3577894736842107,85.0,2.0
M-0010,81.13005,1.4209125,85.0,2.0
M-0011,82.54070277777778,1.534138888888889,85.0,2.0
M-0012,83.17484444444445,1.4740027777777778,85.0,2.0
M-0013,83.70235,1.3395060975609756,85.0,2.0
M-0014,80.15167647058824,1.4215617647058822,85.0,2.0
M-0015,84.050975,1.3119625,85.0,2.0
M-0016,83.4680375,1.609875,85.0,2.0
M-0017,82.82265,1.4052210526315791,85.0,2.0
M-0018,84.13484390243902,1.354762195121951,85.0,2.0
M-0019,83.2958375,1.5326875,85.0,2.0
M-002,82.10321100917432,1.3676146788990826,85.0,2.0
M-0020,83.2575625,1.3336875,85.0,2.0
M-0021,82.94941176470589,1.3023529411764707,85.0,2.0
M-0022,84.29894736842105,1.3781578947368422,85.0,2.0
M-0023,82.56224999999999,1.2862500000000001,85.0,2.0
M-0024,81.94975000000001,1.41025,85.0,2.0
M-0025,81.23439024390244,1.4797560975609756,85.0,2.0
M-0026,81.07588235294118,1.1929411764705884,85.0,2.0
M-0027,83.04425,1.426,85.0,2.0
M-0028,82.051,1.44325,85.0,2.0
M-0029,83.368,1.4035,85.0,2.0
M-003,81.81280373831775,1.3101869158878505,85.0,2.0
M-0030,83.23441176470588,1.4397058823529412,85.0,2.0
M-0031,83.87658536585366,1.3095121951219513,85.0,2.0
M-0032,83.43025641025642,1.4074358974358974,85.0,2.0
M-0033,81.32512195121951,1.4502439024390243,85.0,2.0
M-0034,84.9353125,1.1509375,85.0,2.0
M-0035,84.21951219512195,1.3746341463414633,85.0,2.0
M-0036,82.24333333333334,1.2833333333333334,85.0,2.0
M-0037,82.07589743589743,1.3943589743589744,85.0,2.0
M-0038,83.77512820512821,1.363076923076923,85.0,2.0
M-0039,80.99585365853659,1.3065853658536586,85.0,2.0
M-0040,81.59585365853658,1.3902439024390243,85.0,2.0
M-0041,81.011,1.3755000000000002,85.0,2.0
M-0042,83.2635,1.2977500000000002,85.0,2.0
M-0043,82.35925,1.23575,85.0,2.0
M-0044,80.98975609756097,1.3185365853658537,85.0,2.0
M-0045,81.70073170731708,1.3841463414634145,85.0,2.0
M-0046,83.36634146341463,1.5073170731707317,85.0,2.0
M-0047,81.671,1.276,85.0,2.0
M-0048,83.27926829268293,1.3317073170731708,85.0,2.0
M-0049,81.57707317073171,1.2734146341463415,85.0,2.0
M-0050,82.11975,1.35225,85.0,2.0
M-0051,80.39135135135135,1.5667567567567566,85.0,2.0
M-0052,82.0955,1.40275,85.0,2.0
M-0053,84.07921052631579,1.4136842105263157,85.0,2.0
M-0054,83.623125,1.4190625,85.0,2.0
M-0055,83.15842105263158,1.4489473684210528,85.0,2.0
M-0056,83.5529268292683,1.4919512195121951,85.0,2.0
M-0057,83.56219512195122,1.372439024390244,85.0,2.0
M-0058,82.1979411764706,1.1797058823529412,85.0,2.0
M-0059,81.92634146341463,1.4748780487804878,85.0,2.0
M-0060,83.08868421052631,1.2928947368421053,85.0,2.0
M-0061,80.60105263157895,1.158421052631579,85.0,2.0
M-0062,82.19,1.6240625,85.0,2.0
M-0063,82.88341463414635,1.2707317073170732,85.0,2.0
M-0064,83.83825,1.4605000000000001,85.0,2.0
M-0065,82.93975609756097,1.5197560975609756,85.0,2.0
M-0066,81.45384615384614,1.495128205128205,85.0,2.0
M-0067,84.64292682926829,1.2392682926829268,85.0,2.0
M-0068,82.43365853658536,1.400731707317073,85.0,2.0
M-0069,82.12025,1.4789999999999999,85.0,2.0
M-0070,82.58825,1.19725,85.0,2.0
M-0071,81.48949999999999,1.326,85.0,2.0
M-0072,81.71425,1.41175,85.0,2.0
M-0073,80.99375,1.6245,85.0,2.0
M-0074,82.79435897435897,1.3294871794871794,85.0,2.0
M-0075,82.78682926829268,1.2870731707317071,85.0,2.0
M-0076,85.07146341463414,1.4258536585365853,85.07146341463414,2.0
M-0077,80.98421052631579,1.3121052631578947,85.0,2.0
M-0078,83.27833333333334,1.3525,85.0,2.0
M-0079,83.0370731707317,1.3109756097560976,85.0,2.0
M-0080,82.70875,1.4057499999999998,85.0,2.0
M-0081,83.29923076923077,1.3284615384615386,85.0,2.0
M-0082,83.00999999999999,1.3941463414634148,85.0,2.0
M-0083,82.09405405405406,1.5083783783783784,85.0,2.0
M-0084,84.2625,1.35725,85.0,2.0
M-0085,83.80525,1.246,85.0,2.0
M-0086,83.93558823529412,1.353235294117647,85.0,2.0
M-0087,83.17911764705883,1.558529411764706,85.0,2.0
M-0088,82.04829268292683,1.3946341463414633,85.0,2.0
M-0089,82.385,1.3791176470588236,85.0,2.0
M-0090,81.86060606060606,1.3545454545454547,85.0,2.0
M-0091,81.75939393939393,1.3845454545454545,85.0,2.0
M-0092,83.50170731707317,1.3031707317073171,85.0,2.0
M-0093,82.70142857142858,1.3854285714285715,85.0,2.0
M-0094,81.892,1.4765000000000001,85.0,2.0
M-0095,80.38536585365854,1.336829268292683,85.0,2.0
M-0096,82.7197435897436,1.3284615384615386,85.0,2.0
M-0097,81.909,1.26875,85.0,2.0
M-0098,80.9125641025641,1.2928205128205128,85.0,2.0
M-0099,82.99515151515152,1.3281818181818181,85.0,2.0
M-0100,82.13243902439024,1.3175609756097562,85.0,2.0
M-0101,83.0429268292683,1.2919512195121952,85.0,2.0
M-0102,82.99878048780488,1.376341463414634,85.0,2.0
M-0103,79.6353125,1.3990624999999999,85.0,2.0
M-0104,80.94542857142858,1.3362857142857143,85.0,2.0
M-0105,82.85170731707318,1.3641463414634147,85.0,2.0
M-0106,83.0548780487805,1.2921951219512193,85.0,2.0
M-0107,81.48609756097561,1.1087804878048781,85.0,2.0
M-0108,81.43027027027027,1.4997297297297298,85.0,2.0
M-0109,84.4045,1.09375,85.0,2.0
M-0110,84.01975609756097,1.3690243902439025,85.0,2.0
M-0111,80.85219512195123,1.3819512195121952,85.0,2.0
M-0112,83.70025000000001,1.3287499999999999,85.0,2.0
M-0113,82.25585365853658,1.33390243902439,85.0,2.0
M-0114,81.98675675675675,1.328918918918919,85.0,2.0
M-0115,79.89647058823529,1.3126470588235295,85.0,2.0
M-0116,81.8719512195122,1.417560975609756,85.0,2.0
M-0117,82.4009756097561,1.3475609756097562,85.0,2.0
M-0118,82.6554054054054,1.3054054054054054,85.0,2.0
M-0119,82.8385,1.3725,85.0,2.0
M-0120,81.7980487804878,1.345609756097561,85.0,2.0
M-0121,82.52102564102564,1.5176923076923077,85.0,2.0
M-0122,81.12,1.365,85.0,2.0
M-0123,83.40275,1.4324999999999999,85.0,2.0
M-0124,82.61,1.256829268292683,85.0,2.0
M-0125,82.89073170731707,1.44,85.0,2.0
M-0126,82.18628571428572,1.3228571428571427,85.0,2.0
M-0127,79.05439024390245,1.333658536585366,85.0,2.0
M-0128,81.76025,1.26925,85.0,2.0
M-0129,83.11972972972973,1.3064864864864867,85.0,2.0
M-0130,83.3575,1.25725,85.0,2.0
M-0131,81.68911764705882,1.3155882352941175,85.0,2.0
M-0132,83.27925,1.34425,85.0,2.0
M-0133,82.7678947368421,1.3857894736842105,85.0,2.0
M-0134,81.51205128205127,1.4187179487179487,85.0,2.0
M-0135,85.39897435897436,1.2751282051282051,85.39897435897436,2.0
M-0136,80.9319512195122,1.4697560975609756,85.0,2.0
M-0137,81.78,1.306153846153846,85.0,2.0
M-0138,80.60074999999999,1.40225,85.0,2.0
M-0139,83.3465,1.50925,85.0,2.0
M-0140,82.1935,1.349,85.0,2.0
M-0141,83.41975,1.5695000000000001,85.0,2.0
M-0142,82.56,1.285,85.0,2.0
M-0143,82.7314705882353,1.3152941176470587,85.0,2.0
M-0144,82.09951219512195,1.2602439024390244,85.0,2.0
M-0145,80.7490243902439,1.39,85.0,2.0
M-0146,80.04897435897435,1.2382051282051283,85.0,2.0
M-0147,81.53219512195122,1.2946341463414635,85.0,2.0
M-0148,81.33588235294118,1.5558823529411765,85.0,2.0
M-0149,81.62560975609756,1.171951219512195,85.0,2.0
M-0150,85.63624999999999,1.42525,85.63624999999999,2.0
M-0151,83.59365853658537,1.444390243902439,85.0,2.0
M-0152,81.82128205128204,1.4961538461538462,85.0,2.0
M-0153,82.44125,1.32675,85.0,2.0
M-0154,82.18825000000001,1.3645,85.0,2.0
M-0155,81.3603125,1.2509375,85.0,2.0
M-0156,80.5090625,1.1653125,85.0,2.0
M-0157,83.13358974358974,1.0612820512820513,85.0,2.0
M-0158,84.29538461538462,1.4833333333333334,85.0,2.0
M-0159,82.10425000000001,1.18925,85.0,2.0
M-0160,81.59525,1.5394999999999999,85.0,2.0
M-0161,81.15058823529411,1.4255882352941176,85.0,2.0
M-0162,80.98205128205129,1.4243589743589742,85.0,2.0
M-0163,83.60631578947368,1.3842105263157896,85.0,2.0
M-0164,82.76275000000001,1.40725,85.0,2.0
M-0165,83.70529411764706,1.3761764705882353,85.0,2.0
M-0166,81.240625,1.590625,85.0,2.0
M-0167,83.42181818181818,1.4678787878787878,85.0,2.0
M-0168,83.06685714285715,1.254,85.0,2.0
M-0169,83.64675,1.3647500000000001,85.0,2.0
M-0170,82.3464705882353,1.3629411764705883,85.0,2.0
M-0171,82.3965625,1.431875,85.0,2.0
M-0172,82.0392105263158,1.2494736842105263,85.0,2.0
M-0173,82.7390243902439,1.3263414634146342,85.0,2.0
M-0174,83.49219512195121,1.3482926829268294,85.0,2.0
M-0175,83.87024390243901,1.2999999999999998,85.0,2.0
M-0176,80.78634146341463,1.2790243902439025,85.0,2.0
M-0177,82.82487804878049,1.319268292682927,85.0,2.0
M-0178,79.9709756097561,1.2046341463414634,85.0,2.0
M-0179,82.04317073170732,1.4346341463414634,85.0,2.0
M-0180,82.92170731707317,1.3234146341463413,85.0,2.0
M-0181,84.42833333333334,1.4002777777777777,85.0,2.0
M-0182,84.233,1.401,85.0,2.0
M-0183,82.7109090909091,1.1884848484848485,85.0,2.0
M-0184,82.28625,1.434,85.0,2.0
M-0185,84.0735,1.35175,85.0,2.0
M-0186,84.32925,1.3442500000000002,85.0,2.0
M-0187,83.21025,1.3925,85.0,2.0
M-0188,80.68405405405406,1.2786486486486488,85.0,2.0
M-0189,82.81365853658536,1.3778048780487806,85.0,2.0
M-0190,81.0785294117647,1.2888235294117647,85.0,2.0
M-0191,80.06641025641026,1.4205128205128206,85.0,2.0
M-0192,83.33149999999999,1.3135,85.0,2.0
M-0193,81.4528125,1.2215625,85.0,2.0
M-0194,82.0964705882353,1.4897058823529412,85.0,2.0
M-0195,80.24675675675675,1.4443243243243242,85.0,2.0
M-0196,83.96617647058824,1.3947058823529412,85.0,2.0
M-0197,82.5,1.3825714285714286,85.0,2.0
M-0198,82.08435897435898,1.435128205128205,85.0,2.0
M-0199,82.67575000000001,1.32775,85.0,2.0
M-0200,81.565,1.1830555555555557,85.0,2.0
M-0201,81.954,1.3772499999999999,85.0,2.0
M-0202,80.31025,1.3995,85.0,2.0
M-0203,80.97731707317074,1.2695121951219512,85.0,2.0
M-0204,82.684,1.47225,85.0,2.0
M-0205,80.73073170731708,1.2670731707317073,85.0,2.0
M-0206,83.29780487804878,1.4453658536585365,85.0,2.0
M-0207,81.44375,1.2565,85.0,2.0
M-0208,85.4125,1.1345,85.4125,2.0
M-0209,83.05550000000001,1.256,85.0,2.0
M-0210,82.114,1.325,85.0,2.0
M-0211,83.11925,1.318,85.0,2.0
M-0212,80.87675,1.4075,85.0,2.0
M-0213,81.916,1.4922499999999999,85.0,2.0
M-0214,81.99564102564102,1.4076923076923076,85.0,2.0
M-0215,83.5203125,1.2865625,85.0,2.0
M-0216,81.95121212121212,1.3854545454545455,85.0,2.0
M-0217,80.97125,1.339375,85.0,2.0
M-0218,83.1695,1.27475,85.0,2.0
M-0219,81.65435897435897,1.5264102564102564,85.0,2.0
M-0220,84.08948717948718,1.2356410256410255,85.0,2.0
M-0221,82.60170731707318,1.3158536585365854,85.0,2.0
M-0222,83.6515,1.28925,85.0,2.0
M-0223,81.58717948717948,1.3661538461538463,85.0,2.0
M-0224,80.084375,1.3596875,85.0,2.0
M-0225,81.926,1.3005,85.0,2.0
M-0226,82.42128205128205,1.1523076923076923,85.0,2.0
M-0227,81.71025,1.62425,85.0,2.0
M-0228,85.168,1.23075,85.168,2.0
M-0229,82.27878048780488,1.3873170731707318,85.0,2.0
M-0230,84.71549999999999,1.2935,85.0,2.0
M-0231,83.90275,1.37825,85.0,2.0
M-0232,83.622,1.2465,85.0,2.0
M-0233,81.04146341463414,1.349512195121951,85.0,2.0
M-0234,81.80315789473684,1.3407894736842105,85.0,2.0
M-0235,83.2615,1.20125,85.0,2.0
M-0236,81.66131578947369,1.3047368421052632,85.0,2.0
M-0237,84.58175,1.19075,85.0,2.0
M-0238,81.15375,1.3815,85.0,2.0
M-0239,83.48818181818183,1.3254545454545454,85.0,2.0
M-0240,83.46725,1.34625,85.0,2.0
M-0241,82.0985,1.4064999999999999,85.0,2.0
M-0242,83.737,1.48125,85.0,2.0
M-0243,83.081,1.3085,85.0,2.0
M-0244,83.91170731707318,1.408780487804878,85.0,2.0
M-0245,83.06682926829268,1.2197560975609756,85.0,2.0
M-0246,81.80775,1.2449999999999999,85.0,2.0
M-0247,82.94243902439024,1.3860975609756097,85.0,2.0
M-0248,83.3419512195122,1.5029268292682927,85.0,2.0
M-0249,83.68560975609756,1.5668292682926828,85.0,2.0
M-0250,81.22025,1.35725,85.0,2.0
M-0251,82.46825,1.2725,85.0,2.0
M-0252,82.06925,1.29775,85.0,2.0
M-0253,81.89219512195122,1.3578048780487806,85.0,2.0
M-0254,82.63250000000001,1.29575,85.0,2.0
M-0255,84.818,1.44275,85.0,2.0
M-0256,82.44500000000001,1.226764705882353,85.0,2.0
M-0257,83.71727272727273,1.2454545454545456,85.0,2.0
M-0258,83.34108108108107,1.1832432432432434,85.0,2.0
M-0259,82.467,1.4935,85.0,2.0
M-0260,82.15487804878049,1.313658536585366,85.0,2.0
M-0261,83.22735294117648,1.3247058823529412,85.0,2.0
M-0262,82.57435897435897,1.1484615384615384,85.0,2.0
M-0263,82.71923076923078,1.2915384615384615,85.0,2.0
M-0264,81.17219512195122,1.3614634146341464,85.0,2.0
M-0265,80.84975609756098,1.454390243902439,85.0,2.0
M-0266,83.44902439024389,1.256829268292683,85.0,2.0
M-0267,82.53121951219512,1.4541463414634148,85.0,2.0
M-0268,83.36951219512196,1.3846341463414635,85.0,2.0
M-0269,82.413,1.42275,85.0,2.0
M-0270,83.1695,1.391,85.0,2.0
M-0271,83.59025,1.2887499999999998,85.0,2.0
M-0272,81.5295,1.405,85.0,2.0
M-0273,82.77799999999999,1.291,85.0,2.0
M-0274,84.48425,1.44825,85.0,2.0
M-0275,83.29333333333334,1.4535897435897436,85.0,2.0
M-0276,83.14775,1.285,85.0,2.0
M-0277,82.07461538461538,1.281794871794872,85.0,2.0
M-0278,85.22382352941177,1.2829411764705883,85.22382352941177,2.0
M-0279,82.43157894736842,1.233684210526316,85.0,2.0
M-0280,81.603,1.316,85.0,2.0
M-0281,83.39657142857143,1.4948571428571429,85.0,2.0
M-0282,83.966,1.30375,85.0,2.0
M-0283,80.33882352941177,1.2923529411764705,85.0,2.0
M-0284,84.67742857142858,1.4222857142857144,85.0,2.0
M-0285,83.39358974358974,1.3120512820512822,85.0,2.0
M-0286,81.28756756756756,1.4035135135135135,85.0,2.0
M-0287,83.89,1.3912820512820512,85.0,2.0
M-0288,82.94550000000001,1.3685,85.0,2.0
M-0289,83.39272727272727,1.226969696969697,85.0,2.0
M-0290,83.64914285714285,1.1231428571428572,85.0,2.0
M-0291,82.0446875,1.5534375,85.0,2.0
M-0292,83.70270270270271,1.199189189189189,85.0,2.0
M-0293,81.36923076923077,1.2517948717948717,85.0,2.0
M-0294,82.47390243902439,1.423170731707317,85.0,2.0
M-0295,83.40560975609756,1.3717073170731708,85.0,2.0
M-0296,81.08780487804877,1.2295121951219512,85.0,2.0
M-0297,81.77536585365854,1.437560975609756,85.0,2.0
M-0298,82.4525,1.2259375,85.0,2.0
M-0299,82.7251219512195,1.2946341463414635,85.0,2.0
M-0300,80.57297297297296,1.1581081081081082,85.0,2.0
M-0301,81.438,1.4372500000000001,85.0,2.0
M-0302,81.73073170731708,1.253170731707317,85.0,2.0
M-0303,81.26375,1.1387500000000002,85.0,2.0
M-0304,81.29722222222222,1.385,85.0,2.0
M-0305,82.596,1.3975,85.0,2.0
M-0306,83.78256410256411,1.5246153846153847,85.0,2.0
M-0307,80.24000000000001,1.2363414634146341,85.0,2.0
M-0308,81.70682926829268,1.481951219512195,85.0,2.0
M-0309,82.87463414634146,1.2848780487804878,85.0,2.0
M-0310,83.14657894736843,1.3765789473684211,85.0,2.0
M-0311,83.72325,1.36525,85.0,2.0
M-0312,82.68857142857142,1.4568571428571429,85.0,2.0
M-0313,84.9375,1.26525,85.0,2.0
M-0314,82.46128205128204,1.3938461538461537,85.0,2.0
M-0315,82.91725,1.171,85.0,2.0
M-0316,81.78333333333333,1.402051282051282,85.0,2.0
M-0317,81.77457142857143,1.404,85.0,2.0
M-0318,84.00837837837838,1.2727027027027027,85.0,2.0
M-0319,80.11555555555555,1.2347222222222223,85.0,2.0
M-0320,83.49000000000001,1.503076923076923,85.0,2.0
M-0321,82.9595,1.5,85.0,2.0
M-0322,83.01833333333333,1.277222222222222,85.0,2.0
M-0323,83.05875,1.39575,85.0,2.0
M-0324,80.728,1.3494285714285714,85.0,2.0
M-0325,81.34432432432432,1.3508108108108108,85.0,2.0
M-0326,82.63731707317073,1.3034146341463415,85.0,2.0
M-0327,82.41756097560976,1.4268292682926829,85.0,2.0
M-0328,82.27243902439025,1.5304878048780488,85.0,2.0
M-0329,83.72682926829269,1.408780487804878,85.0,2.0
M-0330,81.5380487804878,1.388780487804878,85.0,2.0
M-0331,84.2790625,1.3321875,85.0,2.0
M-0332,81.06268292682927,1.2882926829268293,85.0,2.0
M-0333,83.04585365853659,1.3595121951219513,85.0,2.0
M-0334,84.19536585365854,1.2114634146341463,85.0,2.0
M-0335,83.03243902439024,1.2085365853658536,85.0,2.0
M-0336,83.676,1.24,85.0,2.0
M-0337,82.0875,1.2182499999999998,85.0,2.0
M-0338,82.25,1.41625,85.0,2.0
M-0339,82.31825,1.35775,85.0,2.0
M-0340,82.14874999999999,1.27075,85.0,2.0
M-0341,84.12525000000001,1.19825,85.0,2.0
M-0342,83.93358974358974,1.3110256410256411,85.0,2.0
M-0343,82.17025,1.2449999999999999,85.0,2.0
M-0344,82.38410256410256,1.294871794871795,85.0,2.0
M-0345,81.33925,1.20775,85.0,2.0
M-0346,81.8559375,1.185,85.0,2.0
M-0347,84.24300000000001,1.52925,85.0,2.0
M-0348,84.35549999999999,1.3904999999999998,85.0,2.0
M-0349,82.685,1.4055882352941176,85.0,2.0
M-0350,84.03054054054054,1.3605405405405406,85.0,2.0
M-0351,79.70634146341463,1.2539024390243902,85.0,2.0
M-0352,83.68475,1.319,85.0,2.0
M-0353,84.6775,1.30625,85.0,2.0
M-0354,82.33970588235294,1.453529411764706,85.0,2.0
M-0355,83.25473684210526,1.3381578947368422,85.0,2.0
M-0356,83.33731707317072,1.4151219512195123,85.0,2.0
M-0357,82.98926829268292,1.1246341463414633,85.0,2.0
M-0358,82.40341463414634,1.298780487804878,85.0,2.0
M-0359,83.37926829268294,1.1770731707317073,85.0,2.0
M-0360,80.4109756097561,1.3382926829268291,85.0,2.0
M-0361,82.67073170731707,1.5431707317073171,85.0,2.0
M-0362,81.0845,1.2182499999999998,85.0,2.0
M-0363,83.0229268292683,1.401951219512195,85.0,2.0
M-0364,82.2665,1.34625,85.0,2.0
M-0365,82.32675,1.2745000000000002,85.0,2.0
M-0366,82.07424999999999,1.3305,85.0,2.0
M-0367,83.89625,1.2914999999999999,85.0,2.0
M-0368,81.05175,1.48725,85.0,2.0
M-0369,84.56625,1.379,85.0,2.0
M-0370,82.71076923076923,1.1612820512820512,85.0,2.0
M-0371,84.20756756756757,1.2786486486486486,85.0,2.0
M-0372,81.288,1.342,85.0,2.0
M-0373,82.65969696969697,1.3069696969696971,85.0,2.0
M-0374,84.14257142857143,1.304857142857143,85.0,2.0
M-0375,83.6496875,1.51125,85.0,2.0
M-0376,82.50846153846153,1.3684615384615384,85.0,2.0
M-0377,82.77125,1.3065625,85.0,2.0
M-0378,84.0834375,1.4375,85.0,2.0
M-0379,84.55,1.3166666666666667,85.0,2.0
M-0380,81.915,1.1928125,85.0,2.0
M-0381,81.3240625,1.4303125,85.0,2.0
M-0382,82.40705882352941,1.3123529411764705,85.0,2.0
M-0383,82.91868421052631,1.2539473684210527,85.0,2.0
M-0384,80.63742857142857,1.402,85.0,2.0
M-0385,82.2235,1.25425,85.0,2.0
M-0386,84.00399999999999,1.348,85.0,2.0
M-0387,83.61342105263158,1.4897368421052632,85.0,2.0
M-0388,80.9245,1.2834999999999999,85.0,2.0
M-0389,83.99441176470589,1.4441176470588235,85.0,2.0
M-0390,81.99846153846154,1.4664102564102564,85.0,2.0
M-0391,82.7095,1.3672499999999999,85.0,2.0
M-0392,82.1075,1.4085,85.0,2.0
M-0393,81.86625000000001,1.45025,85.0,2.0
M-0394,82.91078947368422,1.4105263157894736,85.0,2.0
M-0395,81.43225,1.26275,85.0,2.0
M-0396,82.09384615384614,1.4356410256410257,85.0,2.0
M-0397,82.78705882352942,1.279705882352941,85.0,2.0
M-0398,85.285,1.2447368421052631,85.285,2.0
M-0399,82.00875,1.454375,85.0,2.0
M-0400,81.14264705882353,1.4085294117647058,85.0,2.0
M-0401,83.34487179487179,1.2428205128205128,85.0,2.0
M-0402,81.24157894736841,1.3044736842105262,85.0,2.0
M-0403,81.39857142857143,1.4231428571428573,85.0,2.0
M-0404,82.56485714285714,1.3414285714285714,85.0,2.0
M-0405,83.887,1.249,85.0,2.0
M-0406,82.26725,1.361,85.0,2.0
M-0407,82.32414634146342,1.475609756097561,85.0,2.0
M-0408,85.71972222222222,1.2633333333333332,85.71972222222222,2.0
M-0409,84.25800000000001,1.32925,85.0,2.0
M-0410,81.12439024390244,1.2917073170731708,85.0,2.0
M-0411,82.97475,1.4304999999999999,85.0,2.0
M-0412,83.41512195121952,1.3943902439024392,85.0,2.0
M-0413,82.404,1.4585000000000001,85.0,2.0
M-0414,82.5,1.49675,85.0,2.0
M-0415,80.72200000000001,1.2914999999999999,85.0,2.0
M-0416,82.76435897435897,1.2000000000000002,85.0,2.0
M-0417,84.13615384615385,1.465897435897436,85.0,2.0
M-0418,84.2040625,1.1878125,85.0,2.0
M-0419,82.3275,1.409,85.0,2.0
M-0420,82.00421052631579,1.2389473684210526,85.0,2.0
M-0421,81.70923076923077,1.3874358974358973,85.0,2.0
M-0422,82.26775,1.2870000000000001,85.0,2.0
M-0423,80.73571428571428,1.389142857142857,85.0,2.0
M-0424,80.19555555555556,1.1891666666666667,85.0,2.0
M-0425,80.6,1.3541666666666667,85.0,2.0
M-0426,82.48,1.3735294117647059,85.0,2.0
M-0427,83.53105263157894,1.2857894736842106,85.0,2.0
M-0428,81.67692307692307,1.2771794871794873,85.0,2.0
M-0429,81.58282051282052,1.2769230769230768,85.0,2.0
M-0430,83.25051282051282,1.4284615384615384,85.0,2.0
M-0431,80.29918918918919,1.2772972972972974,85.0,2.0
M-0432,82.79707317073171,1.4002439024390243,85.0,2.0
M-0433,79.68,1.3226829268292681,85.0,2.0
M-0434,82.15658536585366,1.2907317073170732,85.0,2.0
M-0435,79.98275,1.386,85.0,2.0
M-0436,82.97524999999999,1.34675,85.0,2.0
M-0437,81.8485,1.26325,85.0,2.0
M-0438,83.44225,1.385,85.0,2.0
M-0439,82.86749999999999,1.3455,85.0,2.0
M-0440,81.399,1.231,85.0,2.0
M-0441,82.63575,1.39675,85.0,2.0
M-0442,83.32775000000001,1.379,85.0,2.0
M-0443,82.31625,1.1700000000000002,85.0,2.0
M-0444,81.9015,1.42075,85.0,2.0
M-0445,82.15025641025642,1.3,85.0,2.0
M-0446,80.006,1.3515000000000001,85.0,2.0
M-0447,84.00475,1.4609999999999999,85.0,2.0
M-0448,82.3664705882353,1.5326470588235295,85.0,2.0
M-0449,82.16102564102563,1.2994871794871794,85.0,2.0
M-0450,81.71875,1.33525,85.0,2.0
M-0451,82.85184210526316,1.5644736842105265,85.0,2.0
M-0452,83.68363636363637,1.4227272727272728,85.0,2.0
M-0453,81.09771428571429,1.352857142857143,85.0,2.0
M-0454,83.34692307692308,1.297179487179487,85.0,2.0
M-0455,82.20024390243903,1.0748780487804879,85.0,2.0
M-0456,81.85317073170732,1.437560975609756,85.0,2.0
M-0457,82.49853658536585,1.5060975609756098,85.0,2.0
M-0458,83.47025,1.46625,85.0,2.0
M-0459,84.6415,1.4455,85.0,2.0
M-0460,82.0215,1.46325,85.0,2.0
M-0461,82.44425,1.25075,85.0,2.0
M-0462,83.21282051282051,1.1694871794871795,85.0,2.0
M-0463,79.56128205128205,1.4915384615384615,85.0,2.0
M-0464,82.2025,1.25625,85.0,2.0
M-0465,81.84375,1.37975,85.0,2.0
M-0466,82.82657894736842,1.216578947368421,85.0,2.0
M-0467,80.31555555555556,1.338611111111111,85.0,2.0
M-0468,84.16264705882354,1.3561764705882353,85.0,2.0
M-0469,80.76076923076923,1.5246153846153847,85.0,2.0
M-0470,85.34897435897436,1.2220512820512819,85.34897435897436,2.0
M-0471,83.8,1.4558823529411764,85.0,2.0
M-0472,83.4048717948718,1.4002564102564103,85.0,2.0
M-0473,81.96692307692308,1.3194871794871794,85.0,2.0
M-0474,81.874375,1.246875,85.0,2.0
M-0475,84.91657894736842,1.24,85.0,2.0
M-0476,82.3703125,1.4265625,85.0,2.0
M-0477,81.95853658536586,1.431219512195122,85.0,2.0
M-0478,82.908,1.22825,85.0,2.0
M-0479,82.401,1.327,85.0,2.0
M-0480,82.5775,1.3563888888888889,85.0,2.0
M-0481,82.42575000000001,1.36275,85.0,2.0
M-0482,80.76975,1.2817500000000002,85.0,2.0
M-0483,83.6285,1.42025,85.0,2.0
M-0484,81.4135,1.3735,85.0,2.0
M-0485,83.82525,1.4985,85.0,2.0
M-0486,84.33175,1.28025,85.0,2.0
M-0487,81.16512820512821,1.3384615384615386,85.0,2.0
M-0488,81.01948717948719,1.4207692307692308,85.0,2.0
M-0489,82.7570588235294,1.1794117647058824,85.0,2.0
M-0490,82.23948717948718,1.5223076923076921,85.0,2.0
M-0491,83.8040625,1.4284375,85.0,2.0
M-0492,81.71184210526316,1.4205263157894736,85.0,2.0
M-0493,84.94382352941177,1.461764705882353,85.0,2.0
M-0494,82.10325,1.303,85.0,2.0
M-0495,79.25102564102563,1.4235897435897438,85.0,2.0
M-0496,83.82575,1.3370000000000002,85.0,2.0
M-0497,83.55825,1.3664999999999998,85.0,2.0
M-0498,84.06925,1.316,85.0,2.0
M-0499,82.913,1.262,85.0,2.0
M-0500,83.182,1.3335000000000001,85.0,2.0
M-0501,84.00725,1.3747500000000001,85.0,2.0
M-0502,81.7125,1.46525,85.0,2.0
M-0503,82.26205128205129,1.2335897435897436,85.0,2.0
M-0504,82.9945,1.1877499999999999,85.0,2.0
M-0505,81.86307692307692,1.4976923076923079,85.0,2.0
M-0506,82.51589743589743,1.4333333333333333,85.0,2.0
M-0507,83.32717948717949,1.2035897435897436,85.0,2.0
M-0508,83.24153846153847,1.2130769230769232,85.0,2.0
M-0509,83.85775,1.3512499999999998,85.0,2.0
M-0510,83.02735294117646,1.385,85.0,2.0
M-0511,81.68666666666665,1.4307692307692308,85.0,2.0
M-0512,81.40815789473685,1.3526315789473684,85.0,2.0
M-0513,82.09925,1.29,85.0,2.0
M-0514,81.47371428571428,1.237142857142857,85.0,2.0
M-0515,82.07825,1.21325,85.0,2.0
M-0516,83.01948717948719,1.425128205128205,85.0,2.0
M-0517,82.75358974358974,1.28,85.0,2.0
M-0518,81.346,1.3122500000000001,85.0,2.0
M-0519,81.9974358974359,1.435897435897436,85.0,2.0
M-0520,83.87275,1.3619999999999999,85.0,2.0
M-0521,81.55199999999999,1.528,85.0,2.0
M-0522,82.312,1.4164999999999999,85.0,2.0
M-0523,81.71025,1.366,85.0,2.0
M-0524,82.12825000000001,1.4055,85.0,2.0
M-0525,80.13475,1.3705,85.0,2.0
M-0526,83.13550000000001,1.31375,85.0,2.0
M-0527,82.08823529411765,1.2517647058823531,85.0,2.0
M-0528,81.96529411764706,1.3702941176470589,85.0,2.0
M-0529,82.8091891891892,1.4264864864864866,85.0,2.0
M-0530,81.68825000000001,1.4135,85.0,2.0
M-0531,81.41125,1.33125,85.0,2.0
M-0532,82.17575000000001,1.405,85.0,2.0
M-0533,83.29794871794871,1.5212820512820515,85.0,2.0
M-0534,78.61,1.5399999999999998,85.0,2.0
M-0535,83.42461538461538,1.1876923076923076,85.0,2.0
M-0536,83.05432432432433,1.2662162162162163,85.0,2.0
M-0537,84.12899999999999,1.43625,85.0,2.0
M-0538,85.2835,1.159,85.2835,2.0
M-0539,82.1265,1.48,85.0,2.0
M-0540,82.01275000000001,1.299,85.0,2.0
M-0541,82.73775,1.3210000000000002,85.0,2.0
M-0542,82.95974358974358,1.4248717948717948,85.0,2.0
M-0543,84.026875,1.5540625,85.0,2.0
M-0544,83.57552631578947,1.1844736842105263,85.0,2.0
M-0545,82.13157894736842,1.4142105263157896,85.0,2.0
M-0546,83.46621621621621,1.4416216216216218,85.0,2.0
M-0547,82.57885714285715,1.2991428571428572,85.0,2.0
M-0548,83.83775,1.2582499999999999,85.0,2.0
M-0549,84.36694444444444,1.3058333333333332,85.0,2.0
M-0550,84.50552631578948,1.2736842105263158,85.0,2.0
M-0551,82.32000000000001,1.4102702702702703,85.0,2.0
M-0552,82.29,1.3126470588235295,85.0,2.0
M-0553,82.47567567567567,1.4391891891891893,85.0,2.0
M-0554,84.2402564102564,1.4864102564102564,85.0,2.0
M-0555,85.14727272727274,1.291818181818182,85.14727272727274,2.0
M-0556,80.837,1.38225,85.0,2.0
M-0557,80.26263157894736,1.1823684210526315,85.0,2.0
M-0558,83.60525,1.355,85.0,2.0
M-0559,81.30131578947368,1.414736842105263,85.0,2.0
M-0560,83.256,1.2455,85.0,2.0
M-0561,84.1315625,1.401875,85.0,2.0
M-0562,82.88717948717948,1.4807692307692308,85.0,2.0
M-0563,84.91194444444444,1.281388888888889,85.0,2.0
M-0564,83.48513513513512,1.3227027027027027,85.0,2.0
M-0565,81.29305555555555,1.0808333333333335,85.0,2.0
M-0566,83.6285,1.47,85.0,2.0
M-0567,83.21871794871795,1.0951282051282052,85.0,2.0
M-0568,81.26441176470588,1.2947058823529414,85.0,2.0
M-0569,80.575,1.33,85.0,2.0
M-0570,82.41891891891892,1.1397297297297297,85.0,2.0
M-0571,83.97542857142857,1.3,85.0,2.0
M-0572,81.20725,1.5002499999999999,85.0,2.0
M-0573,81.44153846153846,1.1805128205128206,85.0,2.0
M-0574,83.05411764705883,1.4026470588235294,85.0,2.0
M-0575,84.04810810810811,1.3513513513513513,85.0,2.0
M-0576,82.65941176470588,1.2761764705882352,85.0,2.0
M-0577,82.04736842105264,1.41,85.0,2.0
M-0578,81.64410256410257,1.3958974358974359,85.0,2.0
M-0579,83.84515151515151,1.4333333333333333,85.0,2.0
M-0580,83.8295,1.37225,85.0,2.0
M-0581,82.54897435897435,1.368974358974359,85.0,2.0
M-0582,82.19375,1.54025,85.0,2.0
M-0583,84.3671875,1.4103125,85.0,2.0
M-0584,81.74974358974359,1.3494871794871794,85.0,2.0
M-0585,82.51871794871795,1.3405128205128205,85.0,2.0
M-0586,80.68179487179488,1.6028205128205129,85.0,2.0
M-0587,83.91941176470588,1.3876470588235295,85.0,2.0
M-0588,81.43515151515152,1.4084848484848485,85.0,2.0
M-0589,84.47833333333332,1.1788888888888889,85.0,2.0
M-0590,81.049,1.28,85.0,2.0
M-0591,82.384375,1.373125,85.0,2.0
M-0592,80.4835294117647,1.1932352941176472,85.0,2.0
M-0593,83.89384615384616,1.2687179487179487,85.0,2.0
M-0594,81.9765625,1.4803125,85.0,2.0
M-0595,83.45764705882353,1.3976470588235295,85.0,2.0
M-0596,81.56176470588235,1.4791176470588234,85.0,2.0
M-0597,81.82225,1.377,85.0,2.0
M-0598,83.35702702702703,1.4605405405405405,85.0,2.0
M-0599,81.55449999999999,1.2120000000000002,85.0,2.0
M-0600,83.55449999999999,1.3047499999999999,85.0,2.0
M-0601,83.535,1.36075,85.0,2.0
M-0602,81.804,1.1744999999999999,85.0,2.0
M-0603,82.65621621621622,1.3699999999999999,85.0,2.0
M-0604,81.84861111111111,1.2152777777777777,85.0,2.0
M-0605,81.58825,1.44025,85.0,2.0
M-0606,81.115,1.5570588235294116,85.0,2.0
M-0607,82.20153846153846,1.3138461538461539,85.0,2.0
M-0608,82.86102564102563,1.1587179487179486,85.0,2.0
M-0609,82.1059375,1.24375,85.0,2.0
M-0610,82.57352941176471,1.3738235294117647,85.0,2.0
M-0611,81.79153846153847,1.3369230769230769,85.0,2.0
M-0612,82.74027027027027,1.2843243243243243,85.0,2.0
M-0613,80.50121212121212,1.1863636363636363,85.0,2.0
M-0614,83.3963888888889,1.1938888888888888,85.0,2.0
M-0615,82.72435897435898,1.301794871794872,85.0,2.0
M-0616,81.50325000000001,1.436,85.0,2.0
M-0617,81.1007894736842,1.4757894736842105,85.0,2.0
M-0618,82.493,1.2305,85.0,2.0
M-0619,82.18325,1.34125,85.0,2.0
M-0620,81.39500000000001,1.214,85.0,2.0
M-0621,81.44676470588236,1.2741176470588236,85.0,2.0
M-0622,83.18514285714286,1.645142857142857,85.0,2.0
M-0623,82.07475,1.465,85.0,2.0
M-0624,81.49075,1.434,85.0,2.0
M-0625,82.27263157894737,1.5102631578947368,85.0,2.0
M-0626,82.67567567567568,1.2554054054054056,85.0,2.0
M-0627,80.98564102564103,1.4417948717948716,85.0,2.0
M-0628,82.472,1.3714285714285714,85.0,2.0
M-0629,82.86775,1.21325,85.0,2.0
M-0630,81.23583333333335,1.3530555555555557,85.0,2.0
M-0631,84.92676470588235,1.323235294117647,85.0,2.0
M-0632,82.26599999999999,1.3975,85.0,2.0
M-0633,83.72175,1.34575,85.0,2.0
M-0634,79.44131578947368,1.4197368421052632,85.0,2.0
M-0635,83.37647058823529,1.2297058823529412,85.0,2.0
M-0636,83.038,1.221,85.0,2.0
M-0637,81.89075,1.38025,85.0,2.0
M-0638,81.92,1.2432500000000002,85.0,2.0
M-0639,81.66325,1.3865,85.0,2.0
M-0640,80.55558823529411,1.4432352941176472,85.0,2.0
M-0641,83.14812500000001,1.3403125,85.0,2.0
M-0642,83.1930303030303,1.523939393939394,85.0,2.0
M-0643,81.06162162162163,1.2443243243243243,85.0,2.0
M-0644,83.298,1.35,85.0,2.0
M-0645,83.52153846153847,1.367948717948718,85.0,2.0
M-0646,82.9425,1.3875,85.0,2.0
M-0647,84.86757575757576,1.1636363636363636,85.0,2.0
M-0648,79.54435897435897,1.2141025641025642,85.0,2.0
M-0649,83.0835,1.3435000000000001,85.0,2.0
M-0650,80.8535,1.3125,85.0,2.0
M-0651,81.91375000000001,1.247,85.0,2.0
M-0652,81.68175,1.35575,85.0,2.0
M-0653,83.82875,1.201,85.0,2.0
M-0654,83.65558823529412,1.341764705882353,85.0,2.0
M-0655,81.68736842105262,1.4084210526315788,85.0,2.0
M-0656,82.41128205128204,1.27,85.0,2.0
M-0657,81.78853658536585,1.221219512195122,85.0,2.0
M-0658,81.91125,1.29,85.0,2.0
M-0659,80.87435897435897,1.4479487179487178,85.0,2.0
M-0660,82.33971428571428,1.3065714285714285,85.0,2.0
M-0661,82.09030303030303,1.3096969696969696,85.0,2.0
M-0662,83.52692307692308,1.4846153846153847,85.0,2.0
M-0663,82.47333333333333,1.3605128205128205,85.0,2.0
M-0664,82.237,1.4300000000000002,85.0,2.0
M-0665,84.10735294117647,1.4802941176470588,85.0,2.0
M-0666,83.15297297297298,1.4624324324324325,85.0,2.0
M-0667,83.59378378378378,1.3975675675675676,85.0,2.0
M-0668,81.84,1.4497297297297298,85.0,2.0
M-0669,82.56138888888889,1.3947222222222222,85.0,2.0
M-0670,82.19823529411764,1.2661764705882352,85.0,2.0
M-0671,84.59815789473684,1.3078947368421052,85.0,2.0
M-0672,83.0308108108108,1.2748648648648648,85.0,2.0
M-0673,82.29297297297298,1.5435135135135134,85.0,2.0
M-0674,82.44135135135134,1.464054054054054,85.0,2.0
M-0675,82.13948717948718,1.2079487179487178,85.0,2.0
M-0676,81.24783783783784,1.2954054054054054,85.0,2.0
M-0677,82.40179487179488,1.3741025641025642,85.0,2.0
M-0678,82.13837837837838,1.4835135135135136,85.0,2.0
M-0679,82.09,0.9741666666666666,85.0,2.0
M-0680,83.136,1.2465,85.0,2.0
M-0681,82.61878787878788,1.2657575757575759,85.0,2.0
M-0682,81.59275,1.33925,85.0,2.0
M-0683,84.99525,1.358,85.0,2.0
M-0684,83.78783783783784,1.218918918918919,85.0,2.0
M-0685,83.03151515151515,1.1812121212121214,85.0,2.0
M-0686,81.73,1.339375,85.0,2.0
M-0687,84.25647058823529,1.236470588235294,85.0,2.0
M-0688,82.07820512820513,1.307948717948718,85.0,2.0
M-0689,83.00999999999999,1.290769230769231,85.0,2.0
M-0690,84.14864864864865,1.371081081081081,85.0,2.0
M-0691,82.56875,1.23575,85.0,2.0
M-0692,82.57454545454546,1.2572727272727273,85.0,2.0
M-0693,82.03705882352942,1.3800000000000001,85.0,2.0
M-0694,82.57371428571429,1.3057142857142858,85.0,2.0
M-0695,83.64,1.3915000000000002,85.0,2.0
M-0696,80.82975,1.2,85.0,2.0
M-0697,82.786,1.2602499999999999,85.0,2.0
M-0698,79.86949999999999,1.31325,85.0,2.0
M-0699,83.2125,1.43475,85.0,2.0
M-0700,82.3872972972973,1.258918918918919,85.0,2.0
M-0701,82.45868421052631,1.3397368421052631,85.0,2.0
M-0702,83.34025,1.2887499999999998,85.0,2.0
M-0703,79.68,1.3409090909090908,85.0,2.0
M-0704,82.06525,1.6789999999999998,85.0,2.0
M-0705,81.535,1.24725,85.0,2.0
M-0706,81.79971428571427,1.2774285714285714,85.0,2.0
M-0707,82.96810810810811,1.3732432432432433,85.0,2.0
M-0708,83.62057142857142,1.3014285714285714,85.0,2.0
M-0709,83.36999999999999,1.3105128205128205,85.0,2.0
M-0710,81.08405405405406,1.1913513513513514,85.0,2.0
M-0711,82.7713888888889,1.3452777777777778,85.0,2.0
M-0712,84.91243243243244,1.521081081081081,85.0,2.0
M-0713,82.42457142857143,1.3482857142857143,85.0,2.0
M-0714,83.03275,1.36375,85.0,2.0
M-0715,83.94212121212122,1.5296969696969696,85.0,2.0
M-0716,81.92594594594594,1.224054054054054,85.0,2.0
M-0717,81.774375,1.3075,85.0,2.0
M-0718,81.52405405405405,1.4027027027027026,85.0,2.0
M-0719,82.92128205128205,1.3551282051282052,85.0,2.0
M-0720,82.49228571428571,1.1231428571428572,85.0,2.0
M-0721,82.45264705882353,1.3279411764705882,85.0,2.0
M-0722,82.43621621621621,1.259189189189189,85.0,2.0
M-0723,85.10058823529413,1.336764705882353,85.10058823529413,2.0
M-0724,83.53868421052631,1.3228947368421053,85.0,2.0
M-0725,81.28647058823529,1.3211764705882354,85.0,2.0
M-0726,83.0815,1.5717500000000002,85.0,2.0
M-0727,80.57625,1.4055,85.0,2.0
M-0728,84.19800000000001,1.37775,85.0,2.0
M-0729,82.33058823529412,1.3764705882352941,85.0,2.0
M-0730,81.85,1.2257500000000001,85.0,2.0
M-0731,82.65875,1.27775,85.0,2.0
M-0732,82.10225,1.2502499999999999,85.0,2.0
M-0733,82.96025,1.4212500000000001,85.0,2.0
M-0734,81.48848484848484,1.1506060606060606,85.0,2.0
M-0735,83.3030303030303,1.4993939393939393,85.0,2.0
M-0736,83.19,1.5074999999999998,85.0,2.0
M-0737,84.89975000000001,1.37975,85.0,2.0
M-0738,81.91631578947369,1.1476315789473683,85.0,2.0
M-0739,82.28999999999999,1.5467499999999998,85.0,2.0
M-0740,82.20625,1.35275,85.0,2.0
M-0741,83.56117647058824,1.593235294117647,85.0,2.0
M-0742,82.88823529411764,1.4741176470588235,85.0,2.0
M-0743,84.19742857142857,1.3742857142857143,85.0,2.0
M-0744,82.50944444444445,1.4502777777777778,85.0,2.0
M-0745,82.45114285714286,1.3662857142857143,85.0,2.0
M-0746,82.12100000000001,1.3855,85.0,2.0
M-0747,80.848,1.4785,85.0,2.0
M-0748,82.82945945945946,1.3191891891891891,85.0,2.0
M-0749,82.83624999999999,1.3307499999999999,85.0,2.0
M-0750,82.31702702702702,1.3124324324324326,85.0,2.0
M-0751,83.2125,1.4025,85.0,2.0
M-0752,83.7771875,1.2746875,85.0,2.0
M-0753,84.96363636363637,1.356060606060606,85.0,2.0
M-0754,83.72029411764706,1.4461764705882354,85.0,2.0
M-0755,81.4228125,1.45625,85.0,2.0
M-0756,81.7371052631579,1.3310526315789473,85.0,2.0
M-0757,82.20628571428571,1.2465714285714287,85.0,2.0
M-0758,82.799375,1.5615625,85.0,2.0
M-0759,81.83212121212121,1.2527272727272727,85.0,2.0
M-0760,82.2321875,1.2015625,85.0,2.0
M-0761,83.70272727272727,1.3442424242424242,85.0,2.0
M-0762,82.27142857142857,1.45,85.0,2.0
M-0763,82.76375,1.2475,85.0,2.0
M-0764,81.44852941176471,1.2982352941176472,85.0,2.0
M-0765,81.4015,1.239,85.0,2.0
M-0766,82.36470588235295,1.4835294117647058,85.0,2.0
M-0767,82.09171428571429,1.3848571428571428,85.0,2.0
M-0768,83.11972972972973,1.2545945945945947,85.0,2.0
M-0769,85.86575757575758,1.456060606060606,85.86575757575758,2.0
M-0770,81.476875,1.2734375,85.0,2.0
M-0771,82.31675,1.636,85.0,2.0
M-0772,84.64874999999999,1.35775,85.0,2.0
M-0773,82.74973684210526,1.3442105263157895,85.0,2.0
M-0774,83.27970588235294,1.2097058823529412,85.0,2.0
M-0775,82.99000000000001,1.2628205128205128,85.0,2.0
M-0776,82.30692307692307,1.2953846153846154,85.0,2.0
M-0777,83.61846153846153,1.5135897435897436,85.0,2.0
M-0778,82.66075,1.39475,85.0,2.0
M-0779,83.98925,1.244,85.0,2.0
M-0780,82.4185,1.4105,85.0,2.0
M-0781,80.72282051282052,1.3925641025641027,85.0,2.0
M-0782,82.95684210526316,1.2628947368421053,85.0,2.0
M-0783,82.55435897435898,1.426153846153846,85.0,2.0
M-0784,83.0735,1.394,85.0,2.0
M-0785,84.22184210526315,1.4171052631578949,85.0,2.0
M-0786,83.15558823529412,1.1211764705882352,85.0,2.0
M-0787,82.51969696969697,1.3336363636363635,85.0,2.0
M-0788,83.65815789473683,1.1671052631578949,85.0,2.0
M-0789,83.69575757575758,1.2699999999999998,85.0,2.0
M-0790,82.90264705882353,1.3370588235294119,85.0,2.0
M-0791,81.82235294117648,1.5005882352941176,85.0,2.0
M-0792,84.75088235294118,1.4732352941176472,85.0,2.0
M-0793,84.34848484848484,1.3133333333333335,85.0,2.0
M-0794,81.275,1.29875,85.0,2.0
M-0795,82.712,1.3245714285714285,85.0,2.0
M-0796,83.689375,1.315625,85.0,2.0
M-0797,82.9974358974359,1.5166666666666666,85.0,2.0
M-0798,81.24470588235295,1.2673529411764706,85.0,2.0
M-0799,85.26605263157894,1.3673684210526316,85.26605263157894,2.0
M-0800,83.6640625,1.466875,85.0,2.0
M-0801,80.29857142857142,1.3057142857142858,85.0,2.0
M-0802,81.41315789473684,1.3597368421052631,85.0,2.0
M-0803,82.33405405405406,1.474054054054054,85.0,2.0
M-0804,81.7486842105263,1.3394736842105264,85.0,2.0
M-0805,81.32153846153847,1.4056410256410257,85.0,2.0
M-0806,83.42114285714287,1.2697142857142856,85.0,2.0
M-0807,81.40333333333334,1.4566666666666668,85.0,2.0
M-0808,82.16399999999999,1.4802857142857144,85.0,2.0
M-0809,81.77923076923076,1.4997435897435898,85.0,2.0
M-0810,82.88368421052631,1.4036842105263159,85.0,2.0
M-0811,83.6103125,1.41125,85.0,2.0
M-0812,85.29794871794871,1.4333333333333333,85.29794871794871,2.0
M-0813,83.91029411764706,1.49,85.0,2.0
M-0814,81.8622857142857,1.3211428571428572,85.0,2.0
M-0815,81.77914285714286,1.4565714285714284,85.0,2.0
M-0816,82.84342857142857,1.2905714285714287,85.0,2.0
M-0817,83.9839393939394,1.2296969696969697,85.0,2.0
M-0818,82.81051282051283,1.1994871794871795,85.0,2.0
M-0819,82.60564102564102,1.5515384615384615,85.0,2.0
M-0820,82.9471052631579,1.2763157894736843,85.0,2.0
M-0821,81.44558823529412,1.6364705882352941,85.0,2.0
M-0822,80.98882352941176,1.4785294117647059,85.0,2.0
M-0823,83.16405405405406,1.2902702702702704,85.0,2.0
M-0824,80.83235294117648,1.3523529411764705,85.0,2.0
M-0825,81.98846153846155,1.3425641025641026,85.0,2.0
M-0826,80.63351351351352,1.300810810810811,85.0,2.0
M-0827,81.66846153846154,1.5058974358974357,85.0,2.0
M-0828,81.57589743589743,1.377948717948718,85.0,2.0
M-0829,84.28861111111111,1.4941666666666666,85.0,2.0
M-0830,82.48823529411764,1.301764705882353,85.0,2.0
M-0831,83.17421052631579,1.286578947368421,85.0,2.0
M-0832,82.82000000000001,1.1441176470588235,85.0,2.0
M-0833,80.62588235294118,1.3820588235294118,85.0,2.0
M-0834,85.55076923076923,1.5107692307692309,85.55076923076923,2.0
M-0835,83.67083333333333,1.2791666666666666,85.0,2.0
M-0836,83.23948717948718,1.3223076923076924,85.0,2.0
M-0837,82.7475,1.27,85.0,2.0
M-0838,82.3790625,1.6671875,85.0,2.0
M-0839,82.62128205128205,1.3776923076923075,85.0,2.0
M-0840,82.37307692307692,1.3738461538461537,85.0,2.0
M-0841,82.50939393939393,1.3584848484848484,85.0,2.0
M-0842,82.53676470588235,1.3441176470588234,85.0,2.0
M-0843,83.912,1.4274285714285715,85.0,2.0
M-0844,82.44794871794872,1.5297435897435898,85.0,2.0
M-0845,80.78864864864865,1.0348648648648648,85.0,2.0
M-0846,84.00470588235294,1.5241176470588236,85.0,2.0
M-0847,82.17088235294118,1.3964705882352941,85.0,2.0
M-0848,83.18076923076923,1.3535897435897435,85.0,2.0
M-0849,80.69973684210527,1.4792105263157895,85.0,2.0
M-0850,81.84166666666667,1.4172222222222222,85.0,2.0
M-0851,82.04176470588236,1.4661764705882354,85.0,2.0
M-0852,81.1459375,1.4009375,85.0,2.0
M-0853,82.82771428571428,1.1974285714285713,85.0,2.0
M-0854,81.72428571428571,1.5157142857142858,85.0,2.0
M-0855,83.33818181818181,1.4936363636363637,85.0,2.0
M-0856,84.83424242424243,1.2833333333333334,85.0,2.0
M-0857,82.23125,1.46875,85.0,2.0
M-0858,81.1585294117647,1.2514705882352941,85.0,2.0
M-0859,81.83470588235295,1.2855882352941177,85.0,2.0
M-0860,83.5415625,1.245,85.0,2.0
M-0861,84.43394736842104,1.3678947368421053,85.0,2.0
M-0862,83.3595,1.3852499999999999,85.0,2.0
M-0863,82.18707317073171,1.2785365853658537,85.0,2.0
M-0864,82.63756097560976,1.3556097560975608,85.0,2.0
M-0865,83.44365853658536,1.536829268292683,85.0,2.0
M-0866,84.28146341463415,1.5029268292682927,85.0,2.0
M-0867,83.3390243902439,1.278048780487805,85.0,2.0
M-0868,83.12219512195122,1.138780487804878,85.0,2.0
M-0869,83.95268292682927,1.3795121951219513,85.0,2.0
M-0870,82.02048780487806,1.4031707317073172,85.0,2.0
M-0871,83.66731707317074,1.2465853658536585,85.0,2.0
M-0872,83.38228571428571,1.4228571428571428,85.0,2.0
M-0873,83.22829268292683,1.3514634146341462,85.0,2.0
M-0874,83.27926829268293,1.3834146341463414,85.0,2.0
M-0875,80.53285714285714,1.2368571428571429,85.0,2.0
M-0876,84.45057142857142,1.4505714285714286,85.0,2.0
M-0877,83.59205882352941,1.3594117647058823,85.0,2.0
M-0878,83.27282051282052,1.3561538461538463,85.0,2.0
M-0879,82.90414634146342,1.3941463414634145,85.0,2.0
M-0880,83.942,1.3525,85.0,2.0
M-0881,83.5835,1.417,85.0,2.0
M-0882,83.19500000000001,1.3875,85.0,2.0
M-0883,82.535625,1.201875,85.0,2.0
M-0884,82.43878048780488,1.3290243902439025,85.0,2.0
M-0885,81.30775,1.31975,85.0,2.0
M-0886,81.73902439024391,1.318780487804878,85.0,2.0
M-0887,84.11274999999999,1.4385,85.0,2.0
M-0888,81.45675,1.52075,85.0,2.0
M-0889,81.69475,1.3459999999999999,85.0,2.0
M-0890,83.69871794871794,1.4723076923076923,85.0,2.0
M-0891,84.32384615384616,1.2507692307692309,85.0,2.0
M-0892,82.74702702702703,1.4443243243243242,85.0,2.0
M-0893,82.67179487179487,1.4361538461538461,85.0,2.0
M-0894,83.46725,1.252,85.0,2.0
M-0895,81.59787878787878,1.4096969696969697,85.0,2.0
M-0896,82.22589743589744,1.4861538461538462,85.0,2.0
M-0897,82.58820512820513,1.2071794871794872,85.0,2.0
M-0898,83.44076923076923,1.4361538461538461,85.0,2.0
M-0899,82.86,1.4473684210526316,85.0,2.0
M-0900,82.4115625,1.4015625,85.0,2.0
M-0901,80.92051282051283,1.3146153846153847,85.0,2.0
M-0902,81.91358974358975,1.304102564102564,85.0,2.0
M-0903,81.983,1.51725,85.0,2.0
M-0904,80.70114285714286,1.4574285714285713,85.0,2.0
M-0905,83.8784375,1.3825,85.0,2.0
M-0906,81.25885714285714,1.314,85.0,2.0
M-0907,82.7575,1.2890625,85.0,2.0
M-0908,81.69060606060606,1.6236363636363635,85.0,2.0
M-0909,82.42918918918919,1.372972972972973,85.0,2.0
M-0910,82.95636363636363,1.5215151515151515,85.0,2.0
M-0911,82.70756756756757,1.3524324324324324,85.0,2.0
M-0912,83.61558823529411,1.4744117647058825,85.0,2.0
M-0913,83.6676923076923,1.405128205128205,85.0,2.0
M-0914,83.69575757575758,1.4206060606060606,85.0,2.0
M-0915,82.37567567567568,1.3713513513513513,85.0,2.0
M-0916,80.75675675675676,1.4927027027027027,85.0,2.0
M-0917,82.74176470588235,1.3997058823529414,85.0,2.0
M-0918,84.42969696969696,1.5012121212121212,85.0,2.0
M-0919,81.30382352941176,1.3088235294117647,85.0,2.0
M-0920,83.3409375,1.3784375,85.0,2.0
M-0921,82.52571428571429,1.3622857142857143,85.0,2.0
M-0922,83.87285714285714,1.409714285714286,85.0,2.0
M-0923,84.08696969696969,1.4636363636363636,85.0,2.0
M-0924,81.44388888888889,1.4052777777777778,85.0,2.0
M-0925,83.35617647058824,1.3423529411764705,85.0,2.0
M-0926,82.1615625,1.3046875,85.0,2.0
M-0927,81.05914285714286,1.2974285714285714,85.0,2.0
M-0928,82.58210526315789,1.3176315789473685,85.0,2.0
M-0929,82.22514285714286,1.4768571428571429,85.0,2.0
M-0930,80.47142857142858,1.4225714285714286,85.0,2.0
M-0931,83.35051282051282,1.2405128205128206,85.0,2.0
M-0932,84.23324324324325,1.350810810810811,85.0,2.0
M-0933,82.17151515151515,1.2287878787878788,85.0,2.0
M-0934,81.66911764705883,1.1214705882352942,85.0,2.0
M-0935,83.37722222222222,1.4580555555555557,85.0,2.0
M-0936,83.346875,1.268125,85.0,2.0
M-0937,82.95705882352941,1.356764705882353,85.0,2.0
M-0938,82.79454545454544,1.366060606060606,85.0,2.0
M-0939,82.21342857142857,1.3299999999999998,85.0,2.0
M-0940,81.90705882352941,1.3173529411764706,85.0,2.0
M-0941,82.7835294117647,1.5355882352941177,85.0,2.0
M-0942,82.89285714285714,1.4668571428571429,85.0,2.0
M-0943,81.53878787878789,1.2681818181818183,85.0,2.0
M-0944,84.87757575757576,1.146969696969697,85.0,2.0
M-0945,83.390625,1.4721875,85.0,2.0
M-0946,79.96971428571429,1.4094285714285715,85.0,2.0
M-0947,82.0,1.1764705882352942,85.0,2.0
M-0948,84.02235294117648,1.4094117647058824,85.0,2.0
M-0949,82.84914285714285,1.3725714285714286,85.0,2.0
M-0950,80.16485714285714,1.1314285714285715,85.0,2.0
M-0951,84.7570588235294,1.4058823529411764,85.0,2.0
M-0952,82.46051282051282,1.2715384615384617,85.0,2.0
M-0953,82.35121212121213,1.320909090909091,85.0,2.0
M-0954,82.8474358974359,1.3717948717948718,85.0,2.0
M-0955,81.86914285714286,1.3957142857142857,85.0,2.0
M-0956,81.0939393939394,1.3142424242424242,85.0,2.0
M-0957,82.05051282051282,1.3464102564102565,85.0,2.0
M-0958,82.14444444444445,1.5055555555555555,85.0,2.0
M-0959,84.436,1.4697142857142858,85.0,2.0
M-0960,81.70085714285715,1.5525714285714287,85.0,2.0
M-0961,80.18828571428571,1.4105714285714286,85.0,2.0
M-0962,81.88852941176471,1.0811764705882352,85.0,2.0
M-0963,82.67727272727272,1.3881818181818182,85.0,2.0
M-0964,80.19909090909091,1.372121212121212,85.0,2.0
M-0965,85.092,1.4662857142857142,85.092,2.0
M-0966,82.79823529411765,1.345294117647059,85.0,2.0
M-0967,85.34882352941177,1.3747058823529412,85.34882352941177,2.0
M-0968,82.12282051282051,1.3415384615384616,85.0,2.0
M-0969,82.9203125,1.2975,85.0,2.0
M-0970,82.03,1.4385294117647058,85.0,2.0
M-0971,83.46971428571429,1.0931428571428572,85.0,2.0
M-0972,84.00125,1.2934375,85.0,2.0
M-0973,84.38820512820513,1.357179487179487,85.0,2.0
M-0974,82.37542857142857,1.4334285714285715,85.0,2.0
M-0975,83.18294117647058,1.6158823529411763,85.0,2.0
M-0976,82.21911764705882,1.196764705882353,85.0,2.0
M-0977,85.14294117647059,1.2879411764705881,85.14294117647059,2.0
M-0978,83.21057142857143,1.3348571428571427,85.0,2.0
M-0979,80.0023076923077,1.3176923076923077,85.0,2.0
M-0980,83.37820512820512,1.3035897435897437,85.0,2.0
M-0981,83.14102564102564,1.4456410256410257,85.0,2.0
M-0982,83.64486486486487,1.2467567567567568,85.0,2.0
M-0983,81.22270270270269,1.2102702702702703,85.0,2.0
M-0984,82.07722222222223,1.218611111111111,85.0,2.0
M-0985,82.26625,1.4165625,85.0,2.0
M-0986,83.2570588235294,1.1797058823529412,85.0,2.0
M-0987,82.13428571428571,1.2302857142857144,85.0,2.0
M-0988,81.62794117647059,1.3558823529411765,85.0,2.0
M-0989,83.59828571428572,0.9117142857142857,85.0,2.0
M-0990,81.70176470588235,1.3752941176470588,85.0,2.0
M-0991,82.6225,1.4153125,85.0,2.0
M-0992,82.99181818181819,1.4224242424242424,85.0,2.0
M-0993,83.57142857142857,1.3471428571428572,85.0,2.0
M-0994,80.63636363636364,1.129090909090909,85.0,2.0
M-0995,83.670625,1.29,85.0,2.0
M-0996,83.08027027027026,1.4024324324324324,85.0,2.0
M-0997,83.14323529411764,1.3688235294117648,85.0,2.0
M-0998,82.23705882352941,1.3347058823529412,85.0,2.0
M-0999,82.07323529411764,1.1897058823529412,85.0,2.0
M-1000,81.63799999999999,1.3385714285714285,85.0,2.0
M-777,88.8,1.4,88.8,2.0
